idx,global_0,global_1,global_2,global_3
0,2.3002534,0.81602246,-0.024179447,-0.087046295
