idx,global_0,global_1,global_2,global_3
0,2.303221,0.86335766,-0.019888576,-0.08991564
