idx,global_0,global_1,global_2,global_3
0,2.6077306,0.7781782,-0.03967196,-0.092604525
