idx,global_0,global_1,global_2,global_3
0,2.4148643,0.7085715,-0.02995315,-0.08760148
