idx,global_0,global_1,global_2,global_3
0,2.135543,0.51117384,-0.060467683,-0.09666267
