idx,global_0,global_1,global_2,global_3
0,2.3919609,0.77245873,-0.023838427,-0.08554219
